epoch,steps,MRR@10,NDCG@10
0,-1,0.9090909090909091,0.9197785054885552
1,-1,0.9090909090909091,0.913234198395905
